Pasteleria,Producto_Competencia,Categoria_Producto,Precio_Venta_MXN,Promedio_Categoria_MXN,Desviacion_Categoria_MXN,Posicionamiento_Mercado
Marisa,Pastel de Moka,Moka,395.0,465.5,-70.5,Estrategia de Volumen / Precio Competitivo
Marisa,Pastel Tres Leches,Tres Leches,235.0,399.5,-164.5,Estrategia de Volumen / Precio Competitivo
Marisa,Pastel de zanahoria,Zanahoria,230.0,424.75,-194.75,Estrategia de Volumen / Precio Competitivo
Petit Repostería con Alma,Moka,Moka,519.0,465.5,53.5,Posicionamiento Premium / Enfoque en Margen
Petit Repostería con Alma,Tres leches con nuez,Tres Leches,439.0,399.5,39.5,Posicionamiento Premium / Enfoque en Margen
Petit Repostería con Alma,Zanahoria,Zanahoria,494.0,424.75,69.25,Posicionamiento Premium / Enfoque en Margen
Ok Pastelería,Pastel de Moka,Moka,478.0,465.5,12.5,Posicionamiento Premium / Enfoque en Margen
OK Pastelería,Pastel Tres Leches,Tres Leches,454.0,399.5,54.5,Posicionamiento Premium / Enfoque en Margen
OK Pastelería,Pastel de Zanahoria,Zanahoria,485.0,424.75,60.25,Posicionamiento Premium / Enfoque en Margen
Pastelería fina Neufeld,Pastel Red Moka,Moka,470.0,465.5,4.5,Posicionamiento Premium / Enfoque en Margen
Pastelería fina Neufeld,Pastel 3 leches nuez,Tres Leches,470.0,399.5,70.5,Posicionamiento Premium / Enfoque en Margen
Pastelería fina Neufeld,Pastel Red Zanahoria,Zanahoria,490.0,424.75,65.25,Posicionamiento Premium / Enfoque en Margen
